{
	"info": {
		"_postman_id": "c0cc45e2-874c-4e3b-b960-410d306f0c3b",
		"name": "5-oy exam backend",
		"schema": "https://schema.getpostman.com/json/collection/v2.1.0/collection.json",
		"_exporter_id": "37226687"
	},
	"item": [
		{
			"name": "students",
			"item": [
				{
					"name": "post",
					"request": {
						"auth": {
							"type": "bearer",
							"bearer": [
								{
									"key": "token",
									"value": "eyJhbGciOiJIUzI1NiIsInR5cCI6IkpXVCJ9.eyJpZCI6Miwicm9sZSI6ImFkbWluIiwiaWF0IjoxNzMxODM4ODEzLCJleHAiOjE3MzE4Njc2MTN9.d-89MC7kE43twjfaDQiZpPYLoCqTN5RYdyKm6Qbc6_Q",
									"type": "string"
								}
							]
						},
						"method": "POST",
						"header": [],
						"body": {
							"mode": "raw",
							"raw": "[\n  {\n    \"fullname\": \"Muslimjon\",\n    \"phone\": \"+9988828558\",\n    \"email\": \"muslimjon@gmail.com\",\n    \"password\": \"123456\",\n    \"is_active\": true,\n    \"group_id\": 1\n  },\n  {\n    \"fullname\": \"Abdulloh\",\n    \"phone\": \"+998901234567\",\n    \"email\": \"abdulloh@gmail.com\",\n    \"password\": \"123456\",\n    \"is_active\": true,\n    \"group_id\": 2\n  },\n  {\n    \"fullname\": \"Shaxzoda\",\n    \"phone\": \"+998909876543\",\n    \"email\": \"shaxzoda@gmail.com\",\n    \"password\": \"123456\",\n    \"is_active\": true,\n    \"group_id\": 1\n  },\n  {\n    \"fullname\": \"Javohir\",\n    \"phone\": \"+998938765432\",\n    \"email\": \"javohir@gmail.com\",\n    \"password\": \"123456\",\n    \"is_active\": true,\n    \"group_id\": 3\n  },\n  {\n    \"fullname\": \"Aziza\",\n    \"phone\": \"+998933456789\",\n    \"email\": \"aziza@gmail.com\",\n    \"password\": \"123456\",\n    \"is_active\": true,\n    \"group_id\": 1\n  },\n  {\n    \"fullname\": \"Sardor\",\n    \"phone\": \"+998994321234\",\n    \"email\": \"sardor@gmail.com\",\n    \"password\": \"123456\",\n    \"is_active\": true,\n    \"group_id\": 2\n  },\n  {\n    \"fullname\": \"Madina\",\n    \"phone\": \"+998909876765\",\n    \"email\": \"madina@gmail.com\",\n    \"password\": \"123456\",\n    \"is_active\": true,\n    \"group_id\": 1\n  },\n  {\n    \"fullname\": \"Rustam\",\n    \"phone\": \"+998901112233\",\n    \"email\": \"rustam@gmail.com\",\n    \"password\": \"123456\",\n    \"is_active\": true,\n    \"group_id\": 3\n  },\n  {\n    \"fullname\": \"Murod\",\n    \"phone\": \"+998903334455\",\n    \"email\": \"murod@gmail.com\",\n    \"password\": \"123456\",\n    \"is_active\": true,\n    \"group_id\": 2\n  },\n  {\n    \"fullname\": \"Nigora\",\n    \"phone\": \"+998904567890\",\n    \"email\": \"nigora@gmail.com\",\n    \"password\": \"123456\",\n    \"is_active\": true,\n    \"group_id\": 1\n  },\n  {\n    \"fullname\": \"Oybek\",\n    \"phone\": \"+998935678901\",\n    \"email\": \"oybek@gmail.com\",\n    \"password\": \"123456\",\n    \"is_active\": true,\n    \"group_id\": 3\n  },\n  {\n    \"fullname\": \"Shahzod\",\n    \"phone\": \"+998931234678\",\n    \"email\": \"shahzod@gmail.com\",\n    \"password\": \"123456\",\n    \"is_active\": true,\n    \"group_id\": 2\n  },\n  {\n    \"fullname\": \"Dilnoza\",\n    \"phone\": \"+998938765890\",\n    \"email\": \"dilnoza@gmail.com\",\n    \"password\": \"123456\",\n    \"is_active\": true,\n    \"group_id\": 1\n  },\n  {\n    \"fullname\": \"Bekzod\",\n    \"phone\": \"+998902345678\",\n    \"email\": \"bekzod@gmail.com\",\n    \"password\": \"123456\",\n    \"is_active\": true,\n    \"group_id\": 3\n  },\n  {\n    \"fullname\": \"Zarina\",\n    \"phone\": \"+998901234890\",\n    \"email\": \"zarina@gmail.com\",\n    \"password\": \"123456\",\n    \"is_active\": true,\n    \"group_id\": 1\n  }\n]\n",
							"options": {
								"raw": {
									"language": "json"
								}
							}
						},
						"url": {
							"raw": "http://localhost:3000/student/many",
							"protocol": "http",
							"host": [
								"localhost"
							],
							"port": "3000",
							"path": [
								"student",
								"many"
							]
						}
					},
					"response": []
				},
				{
					"name": "get",
					"request": {
						"auth": {
							"type": "bearer",
							"bearer": [
								{
									"key": "token",
									"value": "eyJhbGciOiJIUzI1NiIsInR5cCI6IkpXVCJ9.eyJpZCI6MTUsInJvbGUiOiJ0ZWFjaGVyIiwiaWF0IjoxNzMxOTE3MjE0LCJleHAiOjE3MzE5NDYwMTR9.tip317ZW4-gcDQtk54x7T_KXUdLYQvwBz6V1aOZFARI",
									"type": "string"
								}
							]
						},
						"method": "GET",
						"header": [],
						"url": {
							"raw": "http://localhost:3000/student/",
							"protocol": "http",
							"host": [
								"localhost"
							],
							"port": "3000",
							"path": [
								"student",
								""
							]
						}
					},
					"response": []
				},
				{
					"name": "remove",
					"request": {
						"method": "DELETE",
						"header": [],
						"url": {
							"raw": "http://localhost:3000/student/2",
							"protocol": "http",
							"host": [
								"localhost"
							],
							"port": "3000",
							"path": [
								"student",
								"2"
							]
						}
					},
					"response": []
				},
				{
					"name": "login",
					"request": {
						"method": "POST",
						"header": [],
						"body": {
							"mode": "raw",
							"raw": "{\n    \"email\": \"John@gmail.com\",\n        \"password\": \"123456\"\n}",
							"options": {
								"raw": {
									"language": "json"
								}
							}
						},
						"url": {
							"raw": "http://localhost:3000/student/login",
							"protocol": "http",
							"host": [
								"localhost"
							],
							"port": "3000",
							"path": [
								"student",
								"login"
							]
						}
					},
					"response": []
				}
			]
		},
		{
			"name": "groups",
			"item": [
				{
					"name": "post",
					"request": {
						"method": "POST",
						"header": [],
						"body": {
							"mode": "raw",
							"raw": "[\n  {\n    \"name\": \"FN1\",\n    \"group_type\": \"Dasturlash\"\n  },\n  {\n    \"name\": \"FN2\",\n    \"group_type\": \"SMM\"\n  },\n  {\n    \"name\": \"FN3\",\n    \"group_type\": \"Grafik dizayn\"\n  },\n  {\n    \"name\": \"FN4\",\n    \"group_type\": \"Motion grafika\"\n  },\n  {\n    \"name\": \"FN5\",\n    \"group_type\": \"Dasturlash\"\n  },\n  {\n    \"name\": \"FN6\",\n    \"group_type\": \"SMM\"\n  },\n  {\n    \"name\": \"FN7\",\n    \"group_type\": \"Grafik dizayn\"\n  },\n  {\n    \"name\": \"FN8\",\n    \"group_type\": \"Motion grafika\"\n  },\n  {\n    \"name\": \"FN9\",\n    \"group_type\": \"Dasturlash\"\n  },\n  {\n    \"name\": \"FN10\",\n    \"group_type\": \"SMM\"\n  },\n  {\n    \"name\": \"FN11\",\n    \"group_type\": \"Grafik dizayn\"\n  },\n  {\n    \"name\": \"FN12\",\n    \"group_type\": \"Motion grafika\"\n  },\n  {\n    \"name\": \"FN13\",\n    \"group_type\": \"Dasturlash\"\n  },\n  {\n    \"name\": \"FN14\",\n    \"group_type\": \"SMM\"\n  },\n  {\n    \"name\": \"FN15\",\n    \"group_type\": \"Grafik dizayn\"\n  }\n]\n",
							"options": {
								"raw": {
									"language": "json"
								}
							}
						},
						"url": {
							"raw": "http://localhost:3000/groups/many",
							"protocol": "http",
							"host": [
								"localhost"
							],
							"port": "3000",
							"path": [
								"groups",
								"many"
							]
						}
					},
					"response": []
				},
				{
					"name": "get",
					"request": {
						"method": "GET",
						"header": [],
						"url": {
							"raw": "http://localhost:3000/groups/",
							"protocol": "http",
							"host": [
								"localhost"
							],
							"port": "3000",
							"path": [
								"groups",
								""
							]
						}
					},
					"response": []
				}
			]
		},
		{
			"name": "staff",
			"item": [
				{
					"name": "post",
					"request": {
						"method": "POST",
						"header": [],
						"body": {
							"mode": "raw",
							"raw": "\n  {\n    \"fullname\": \"Shoxrux\",\n    \"phone\": \"+998901234567\",\n    \"email\": \"shoxrux@gmail.com\",\n    \"password\": \"123456\",\n    \"role\": \"admin\",\n    \"is_active\": true\n  }",
							"options": {
								"raw": {
									"language": "json"
								}
							}
						},
						"url": {
							"raw": "http://localhost:3000/staff/",
							"protocol": "http",
							"host": [
								"localhost"
							],
							"port": "3000",
							"path": [
								"staff",
								""
							]
						}
					},
					"response": []
				},
				{
					"name": "get",
					"request": {
						"method": "GET",
						"header": [],
						"url": {
							"raw": "http://localhost:3000/staff/",
							"protocol": "http",
							"host": [
								"localhost"
							],
							"port": "3000",
							"path": [
								"staff",
								""
							]
						}
					},
					"response": []
				},
				{
					"name": "delete",
					"request": {
						"method": "DELETE",
						"header": [],
						"body": {
							"mode": "raw",
							"raw": "{\n    \n}",
							"options": {
								"raw": {
									"language": "json"
								}
							}
						},
						"url": {
							"raw": "http://localhost:3000/staff/",
							"protocol": "http",
							"host": [
								"localhost"
							],
							"port": "3000",
							"path": [
								"staff",
								""
							]
						}
					},
					"response": []
				},
				{
					"name": "update",
					"request": {
						"method": "PUT",
						"header": [],
						"body": {
							"mode": "raw",
							"raw": "{\n        \"fullname\": \"Shoxrux\",\n        \"phone\": \"+998888525\",\n        \"email\": \"shoxrux@gmail.com\",\n        \"password\": \"123456\",\n        \"role\": \"teacher\",\n        \"is_active\": true,\n        \"groupId\": 1,\n        \"createdAt\": \"2024-11-17T09:47:24.044Z\",\n        \"updatedAt\": \"2024-11-17T09:47:24.044Z\",\n        \"course_id\": 2 \n}",
							"options": {
								"raw": {
									"language": "json"
								}
							}
						},
						"url": {
							"raw": "http://localhost:3000/staff/2",
							"protocol": "http",
							"host": [
								"localhost"
							],
							"port": "3000",
							"path": [
								"staff",
								"2"
							]
						}
					},
					"response": []
				},
				{
					"name": "login",
					"request": {
						"method": "POST",
						"header": [],
						"body": {
							"mode": "raw",
							"raw": "{\n    \"email\": \"kamola.sattorova@gmail.com\",\n        \"password\": \"123456\"\n}",
							"options": {
								"raw": {
									"language": "json"
								}
							}
						},
						"url": {
							"raw": "http://localhost:3000/staff/login",
							"protocol": "http",
							"host": [
								"localhost"
							],
							"port": "3000",
							"path": [
								"staff",
								"login"
							]
						}
					},
					"response": []
				}
			]
		},
		{
			"name": "courses",
			"item": [
				{
					"name": "post",
					"request": {
						"auth": {
							"type": "bearer",
							"bearer": [
								{
									"key": "token",
									"value": "eyJhbGciOiJIUzI1NiIsInR5cCI6IkpXVCJ9.eyJpZCI6MTYsInJvbGUiOiJhZG1pbiIsImlhdCI6MTczMTg1NTQxNywiZXhwIjoxNzMxODg0MjE3fQ.0TacEdKbM_QZgAC0gye8jQ4gmRe6UEXRkjowldcwt_U",
									"type": "string"
								}
							]
						},
						"method": "POST",
						"header": [],
						"body": {
							"mode": "raw",
							"raw": "[\n  {\n    \"course_name\": \"SMM\",\n    \"price\": 700000,\n    \"data_period\": \"8m\",\n    \"daily_duration\": \"4h\"\n  },\n  {\n    \"course_name\": \"Motion grafika\",\n    \"price\": 1100000,\n    \"data_period\": \"9m\",\n    \"daily_duration\": \"4h\"\n  },\n  {\n    \"course_name\": \"Grafik dizayn\",\n    \"price\": 900000,\n    \"data_period\": \"6m\",\n    \"daily_duration\": \"3h\"\n  },\n  {\n    \"course_name\": \"Dasturlash\",\n    \"price\": 1200000,\n    \"data_period\": \"10m\",\n    \"daily_duration\": \"5h\"\n  },\n  {\n    \"course_name\": \"SMM\",\n    \"price\": 750000,\n    \"data_period\": \"7m\",\n    \"daily_duration\": \"3h\"\n  },\n  {\n    \"course_name\": \"Motion grafika\",\n    \"price\": 1150000,\n    \"data_period\": \"8m\",\n    \"daily_duration\": \"4h\"\n  },\n  {\n    \"course_name\": \"Grafik dizayn\",\n    \"price\": 920000,\n    \"data_period\": \"7m\",\n    \"daily_duration\": \"3h\"\n  },\n  {\n    \"course_name\": \"Dasturlash\",\n    \"price\": 1250000,\n    \"data_period\": \"11m\",\n    \"daily_duration\": \"5h\"\n  },\n  {\n    \"course_name\": \"SMM\",\n    \"price\": 800000,\n    \"data_period\": \"6m\",\n    \"daily_duration\": \"4h\"\n  },\n  {\n    \"course_name\": \"Motion grafika\",\n    \"price\": 1200000,\n    \"data_period\": \"10m\",\n    \"daily_duration\": \"4h\"\n  },\n  {\n    \"course_name\": \"Grafik dizayn\",\n    \"price\": 950000,\n    \"data_period\": \"8m\",\n    \"daily_duration\": \"3h\"\n  },\n  {\n    \"course_name\": \"Dasturlash\",\n    \"price\": 1300000,\n    \"data_period\": \"12m\",\n    \"daily_duration\": \"5h\"\n  },\n  {\n    \"course_name\": \"SMM\",\n    \"price\": 700000,\n    \"data_period\": \"8m\",\n    \"daily_duration\": \"4h\"\n  },\n  {\n    \"course_name\": \"Motion grafika\",\n    \"price\": 1150000,\n    \"data_period\": \"9m\",\n    \"daily_duration\": \"4h\"\n  },\n  {\n    \"course_name\": \"Grafik dizayn\",\n    \"price\": 900000,\n    \"data_period\": \"7m\",\n    \"daily_duration\": \"3h\"\n  }\n]\n",
							"options": {
								"raw": {
									"language": "json"
								}
							}
						},
						"url": {
							"raw": "http://localhost:3000/course/many",
							"protocol": "http",
							"host": [
								"localhost"
							],
							"port": "3000",
							"path": [
								"course",
								"many"
							]
						}
					},
					"response": []
				},
				{
					"name": "get",
					"request": {
						"method": "GET",
						"header": [],
						"url": {
							"raw": "http://localhost:3000/course/",
							"protocol": "http",
							"host": [
								"localhost"
							],
							"port": "3000",
							"path": [
								"course",
								""
							]
						}
					},
					"response": []
				},
				{
					"name": "delete",
					"request": {
						"method": "DELETE",
						"header": [],
						"url": {
							"raw": "http://localhost:3000/course/1",
							"protocol": "http",
							"host": [
								"localhost"
							],
							"port": "3000",
							"path": [
								"course",
								"1"
							]
						}
					},
					"response": []
				}
			]
		},
		{
			"name": "staffCourse",
			"item": [
				{
					"name": "post",
					"request": {
						"method": "POST",
						"header": [],
						"body": {
							"mode": "raw",
							"raw": "[\n  {\n    \"staff_id\": 1,\n    \"course_id\": 1\n  },\n  {\n    \"staff_id\": 2,\n    \"course_id\": 2\n  },\n  {\n    \"staff_id\": 3,\n    \"course_id\": 3\n  },\n  {\n    \"staff_id\": 4,\n    \"course_id\": 4\n  },\n  {\n    \"staff_id\": 5,\n    \"course_id\": 5\n  },\n  {\n    \"staff_id\": 6,\n    \"course_id\": 6\n  },\n  {\n    \"staff_id\": 7,\n    \"course_id\": 7\n  },\n  {\n    \"staff_id\": 8,\n    \"course_id\": 8\n  },\n  {\n    \"staff_id\": 9,\n    \"course_id\": 9\n  },\n  {\n    \"staff_id\": 10,\n    \"course_id\": 10\n  },\n  {\n    \"staff_id\": 11,\n    \"course_id\": 11\n  },\n  {\n    \"staff_id\": 12,\n    \"course_id\": 12\n  },\n  {\n    \"staff_id\": 13,\n    \"course_id\": 13\n  },\n  {\n    \"staff_id\": 14,\n    \"course_id\": 14\n  },\n  {\n    \"staff_id\": 15,\n    \"course_id\": 15\n  }\n]\n",
							"options": {
								"raw": {
									"language": "json"
								}
							}
						},
						"url": {
							"raw": "http://localhost:3000/staff-course/many",
							"protocol": "http",
							"host": [
								"localhost"
							],
							"port": "3000",
							"path": [
								"staff-course",
								"many"
							]
						}
					},
					"response": []
				}
			]
		},
		{
			"name": "enrollment",
			"item": [
				{
					"name": "post",
					"request": {
						"method": "POST",
						"header": [],
						"body": {
							"mode": "raw",
							"raw": "[\n  {\n    \"course_id\": 1,\n    \"student_id\": 1,\n    \"start_date\": \"2025\",\n    \"end_date\": \"2026\"\n  },\n  {\n    \"course_id\": 2,\n    \"student_id\": 2,\n    \"start_date\": \"2025\",\n    \"end_date\": \"2026\"\n  },\n  {\n    \"course_id\": 3,\n    \"student_id\": 3,\n    \"start_date\": \"2025\",\n    \"end_date\": \"2026\"\n  },\n  {\n    \"course_id\": 4,\n    \"student_id\": 4,\n    \"start_date\": \"2025\",\n    \"end_date\": \"2026\"\n  },\n  {\n    \"course_id\": 5,\n    \"student_id\": 5,\n    \"start_date\": \"2025\",\n    \"end_date\": \"2026\"\n  },\n  {\n    \"course_id\": 6,\n    \"student_id\": 6,\n    \"start_date\": \"2025\",\n    \"end_date\": \"2026\"\n  },\n  {\n    \"course_id\": 7,\n    \"student_id\": 7,\n    \"start_date\": \"2025\",\n    \"end_date\": \"2026\"\n  },\n  {\n    \"course_id\": 8,\n    \"student_id\": 8,\n    \"start_date\": \"2025\",\n    \"end_date\": \"2026\"\n  },\n  {\n    \"course_id\": 9,\n    \"student_id\": 9,\n    \"start_date\": \"2025\",\n    \"end_date\": \"2026\"\n  },\n  {\n    \"course_id\": 10,\n    \"student_id\": 10,\n    \"start_date\": \"2025\",\n    \"end_date\": \"2026\"\n  },\n  {\n    \"course_id\": 11,\n    \"student_id\": 11,\n    \"start_date\": \"2025\",\n    \"end_date\": \"2026\"\n  },\n  {\n    \"course_id\": 12,\n    \"student_id\": 12,\n    \"start_date\": \"2025\",\n    \"end_date\": \"2026\"\n  },\n  {\n    \"course_id\": 13,\n    \"student_id\": 13,\n    \"start_date\": \"2025\",\n    \"end_date\": \"2026\"\n  },\n  {\n    \"course_id\": 14,\n    \"student_id\": 14,\n    \"start_date\": \"2025\",\n    \"end_date\": \"2026\"\n  },\n  {\n    \"course_id\": 15,\n    \"student_id\": 15,\n    \"start_date\": \"2025\",\n    \"end_date\": \"2026\"\n  }\n]\n",
							"options": {
								"raw": {
									"language": "json"
								}
							}
						},
						"url": {
							"raw": "http://localhost:3000/enrollment/many",
							"protocol": "http",
							"host": [
								"localhost"
							],
							"port": "3000",
							"path": [
								"enrollment",
								"many"
							]
						}
					},
					"response": []
				},
				{
					"name": "get",
					"request": {
						"method": "GET",
						"header": [],
						"url": {
							"raw": "http://localhost:3000/enrollment/",
							"protocol": "http",
							"host": [
								"localhost"
							],
							"port": "3000",
							"path": [
								"enrollment",
								""
							]
						}
					},
					"response": []
				}
			]
		},
		{
			"name": "payment",
			"item": [
				{
					"name": "post",
					"request": {
						"method": "POST",
						"header": [],
						"body": {
							"mode": "raw",
							"raw": "[\n  {\n    \"payment_method\": \"card\",\n    \"status\": true,\n    \"total_amount\": 2000000,\n    \"enrollment_id\": 1\n  },\n  {\n    \"payment_method\": \"cash\",\n    \"status\": true,\n    \"total_amount\": 2000000,\n    \"enrollment_id\": 2\n  },\n  {\n    \"payment_method\": \"card\",\n    \"status\": true,\n    \"total_amount\": 2000000,\n    \"enrollment_id\": 3\n  },\n  {\n    \"payment_method\": \"cash\",\n    \"status\": true,\n    \"total_amount\": 2000000,\n    \"enrollment_id\": 4\n  },\n  {\n    \"payment_method\": \"card\",\n    \"status\": true,\n    \"total_amount\": 2000000,\n    \"enrollment_id\": 5\n  },\n  {\n    \"payment_method\": \"cash\",\n    \"status\": true,\n    \"total_amount\": 2000000,\n    \"enrollment_id\": 6\n  },\n  {\n    \"payment_method\": \"card\",\n    \"status\": true,\n    \"total_amount\": 2000000,\n    \"enrollment_id\": 7\n  },\n  {\n    \"payment_method\": \"cash\",\n    \"status\": true,\n    \"total_amount\": 2000000,\n    \"enrollment_id\": 8\n  },\n  {\n    \"payment_method\": \"card\",\n    \"status\": true,\n    \"total_amount\": 2000000,\n    \"enrollment_id\": 9\n  },\n  {\n    \"payment_method\": \"cash\",\n    \"status\": true,\n    \"total_amount\": 2000000,\n    \"enrollment_id\": 10\n  },\n  {\n    \"payment_method\": \"card\",\n    \"status\": true,\n    \"total_amount\": 2000000,\n    \"enrollment_id\": 11\n  },\n  {\n    \"payment_method\": \"cash\",\n    \"status\": true,\n    \"total_amount\": 2000000,\n    \"enrollment_id\": 12\n  },\n  {\n    \"payment_method\": \"card\",\n    \"status\": true,\n    \"total_amount\": 2000000,\n    \"enrollment_id\": 13\n  },\n  {\n    \"payment_method\": \"cash\",\n    \"status\": true,\n    \"total_amount\": 2000000,\n    \"enrollment_id\": 14\n  },\n  {\n    \"payment_method\": \"card\",\n    \"status\": true,\n    \"total_amount\": 2000000,\n    \"enrollment_id\": 15\n  }\n]\n",
							"options": {
								"raw": {
									"language": "json"
								}
							}
						},
						"url": {
							"raw": "http://localhost:3000/payments/many",
							"protocol": "http",
							"host": [
								"localhost"
							],
							"port": "3000",
							"path": [
								"payments",
								"many"
							]
						}
					},
					"response": []
				},
				{
					"name": "get",
					"request": {
						"method": "GET",
						"header": [],
						"url": {
							"raw": "http://localhost:3000/payments/",
							"protocol": "http",
							"host": [
								"localhost"
							],
							"port": "3000",
							"path": [
								"payments",
								""
							]
						}
					},
					"response": []
				}
			]
		},
		{
			"name": "Lessons_of_courses",
			"item": [
				{
					"name": "post",
					"request": {
						"auth": {
							"type": "bearer",
							"bearer": [
								{
									"key": "token",
									"value": "eyJhbGciOiJIUzI1NiIsInR5cCI6IkpXVCJ9.eyJpZCI6MTUsInJvbGUiOiJ0ZWFjaGVyIiwiaWF0IjoxNzMxODU3MDA4LCJleHAiOjE3MzE4ODU4MDh9.oxBhN7Ei-cgOUt-j-qfvxwHY7dfsX9r7lhEBoUMmPsQ",
									"type": "string"
								}
							]
						},
						"method": "POST",
						"header": [],
						"body": {
							"mode": "raw",
							"raw": "[\n  { \"lesson\": \"Introduction to Programming\", \"course_id\": 1 },\n  { \"lesson\": \"Node.js Basics\", \"course_id\": 2 },\n  { \"lesson\": \"Web Development with HTML & CSS\", \"course_id\": 3 },\n  { \"lesson\": \"Frontend Development with React\", \"course_id\": 4 },\n  { \"lesson\": \"Backend Development with Express.js\", \"course_id\": 5 },\n  { \"lesson\": \"Database Management with MongoDB\", \"course_id\": 6 },\n  { \"lesson\": \"Authentication and Security\", \"course_id\": 7 },\n  { \"lesson\": \"APIs and RESTful Services\", \"course_id\": 8 },\n  { \"lesson\": \"DevOps Basics and Deployment\", \"course_id\": 9 },\n  { \"lesson\": \"Unit Testing with Jest\", \"course_id\": 10 },\n  { \"lesson\": \"Real-time Applications with WebSockets\", \"course_id\": 11 },\n  { \"lesson\": \"Microservices Architecture\", \"course_id\": 12 },\n  { \"lesson\": \"Performance Optimization\", \"course_id\": 13 },\n  { \"lesson\": \"Serverless Computing Basics\", \"course_id\": 14 },\n  { \"lesson\": \"Full-Stack Project Development\", \"course_id\": 15 }\n]\n",
							"options": {
								"raw": {
									"language": "json"
								}
							}
						},
						"url": {
							"raw": "http://localhost:3000/lessons-of-courses/many",
							"protocol": "http",
							"host": [
								"localhost"
							],
							"port": "3000",
							"path": [
								"lessons-of-courses",
								"many"
							]
						}
					},
					"response": []
				},
				{
					"name": "get",
					"request": {
						"auth": {
							"type": "bearer",
							"bearer": [
								{
									"key": "token",
									"value": "eyJhbGciOiJIUzI1NiIsInR5cCI6IkpXVCJ9.eyJpZCI6MTUsInJvbGUiOiJ0ZWFjaGVyIiwiaWF0IjoxNzMxOTE3MjE0LCJleHAiOjE3MzE5NDYwMTR9.tip317ZW4-gcDQtk54x7T_KXUdLYQvwBz6V1aOZFARI",
									"type": "string"
								}
							]
						},
						"method": "GET",
						"header": [],
						"url": {
							"raw": "http://localhost:3000/lessons-of-courses/",
							"protocol": "http",
							"host": [
								"localhost"
							],
							"port": "3000",
							"path": [
								"lessons-of-courses",
								""
							]
						}
					},
					"response": []
				},
				{
					"name": "update",
					"request": {
						"method": "PUT",
						"header": [],
						"body": {
							"mode": "raw",
							"raw": "{\n    \"lesson\": \"NodeJs\",\n    \"course_id\": 2\n}",
							"options": {
								"raw": {
									"language": "json"
								}
							}
						},
						"url": {
							"raw": "http://localhost:3000/lessons-of-courses/",
							"protocol": "http",
							"host": [
								"localhost"
							],
							"port": "3000",
							"path": [
								"lessons-of-courses",
								""
							]
						}
					},
					"response": []
				}
			]
		},
		{
			"name": "homework",
			"item": [
				{
					"name": "post",
					"request": {
						"auth": {
							"type": "bearer",
							"bearer": [
								{
									"key": "token",
									"value": "eyJhbGciOiJIUzI1NiIsInR5cCI6IkpXVCJ9.eyJpZCI6MTUsInJvbGUiOiJ0ZWFjaGVyIiwiaWF0IjoxNzMxODU3Mjc1LCJleHAiOjE3MzE4ODYwNzV9.2t0kRpustjj5XElljJa1OpwyDGeeNHED0Y-vN3CqxFg",
									"type": "string"
								}
							]
						},
						"method": "POST",
						"header": [],
						"body": {
							"mode": "raw",
							"raw": "[\n  { \"student_id\": 1, \"lesson_of_course_id\": 1, \"ball\": 70, \"deadline\": \"12.12.2024\" },\n  { \"student_id\": 2, \"lesson_of_course_id\": 2, \"ball\": 75, \"deadline\": \"12.12.2024\" },\n  { \"student_id\": 3, \"lesson_of_course_id\": 3, \"ball\": 80, \"deadline\": \"12.12.2024\" },\n  { \"student_id\": 4, \"lesson_of_course_id\": 4, \"ball\": 85, \"deadline\": \"12.12.2024\" },\n  { \"student_id\": 5, \"lesson_of_course_id\": 5, \"ball\": 90, \"deadline\": \"12.12.2024\" },\n  { \"student_id\": 6, \"lesson_of_course_id\": 6, \"ball\": 88, \"deadline\": \"12.12.2024\" },\n  { \"student_id\": 7, \"lesson_of_course_id\": 7, \"ball\": 76, \"deadline\": \"12.12.2024\" },\n  { \"student_id\": 8, \"lesson_of_course_id\": 8, \"ball\": 84, \"deadline\": \"12.12.2024\" },\n  { \"student_id\": 9, \"lesson_of_course_id\": 9, \"ball\": 92, \"deadline\": \"12.12.2024\" },\n  { \"student_id\": 10, \"lesson_of_course_id\": 10, \"ball\": 78, \"deadline\": \"12.12.2024\" },\n  { \"student_id\": 11, \"lesson_of_course_id\": 11, \"ball\": 83, \"deadline\": \"12.12.2024\" },\n  { \"student_id\": 12, \"lesson_of_course_id\": 12, \"ball\": 79, \"deadline\": \"12.12.2024\" },\n  { \"student_id\": 13, \"lesson_of_course_id\": 13, \"ball\": 81, \"deadline\": \"12.12.2024\" },\n  { \"student_id\": 14, \"lesson_of_course_id\": 14, \"ball\": 86, \"deadline\": \"12.12.2024\" },\n  { \"student_id\": 15, \"lesson_of_course_id\": 15, \"ball\": 89, \"deadline\": \"12.12.2024\" }\n]\n",
							"options": {
								"raw": {
									"language": "json"
								}
							}
						},
						"url": {
							"raw": "http://localhost:3000/homework/many",
							"protocol": "http",
							"host": [
								"localhost"
							],
							"port": "3000",
							"path": [
								"homework",
								"many"
							]
						}
					},
					"response": []
				},
				{
					"name": "get",
					"protocolProfileBehavior": {
						"disableBodyPruning": true
					},
					"request": {
						"auth": {
							"type": "bearer",
							"bearer": [
								{
									"key": "token",
									"value": "",
									"type": "string"
								}
							]
						},
						"method": "GET",
						"header": [],
						"body": {
							"mode": "raw",
							"raw": "",
							"options": {
								"raw": {
									"language": "json"
								}
							}
						},
						"url": {
							"raw": "http://localhost:3000/homework/",
							"protocol": "http",
							"host": [
								"localhost"
							],
							"port": "3000",
							"path": [
								"homework",
								""
							]
						}
					},
					"response": []
				}
			]
		},
		{
			"name": "videos",
			"item": [
				{
					"name": "post",
					"request": {
						"method": "POST",
						"header": [],
						"body": {
							"mode": "formdata",
							"formdata": [
								{
									"key": "video",
									"type": "file",
									"src": "/home/shoxrux/Downloads/1322318.jpeg"
								},
								{
									"key": "lesson_id",
									"value": "2",
									"type": "text"
								}
							],
							"options": {
								"raw": {
									"language": "json"
								}
							}
						},
						"url": {
							"raw": "http://localhost:3000/videos/",
							"protocol": "http",
							"host": [
								"localhost"
							],
							"port": "3000",
							"path": [
								"videos",
								""
							]
						}
					},
					"response": []
				},
				{
					"name": "get",
					"request": {
						"method": "GET",
						"header": [],
						"url": {
							"raw": "http://localhost:3000/videos/",
							"protocol": "http",
							"host": [
								"localhost"
							],
							"port": "3000",
							"path": [
								"videos",
								""
							]
						}
					},
					"response": []
				}
			]
		}
	]
}